{
  "feature_names": [
    "pg_const",
    "sg_const",
    "fwc_const",
    "pg_ht",
    "sg_ht",
    "fwc_ht",
    "pg_ht2",
    "sg_ht2",
    "fwc_ht2",
    "weight",
    "wingspan"
  ],
  "pos_groups": {
    "PG": 0,
    "SG": 1,
    "SF": 2,
    "PF": 2,
    "C": 2
  },
  "coefficients": {
    "Close Shot": [
      0.066753560187527,
      0.06451047220750605,
      0.057718070364888796,
      2.486399368821216,
      2.424818535103684,
      2.3175981901033333,
      -0.01727147756181472,
      -0.01643857803712957,
      -0.015071028246672237,
      -0.006059546771196724,
      0.14186128184757257
    ],
    "Driving Layup": [
      0.07732812419298928,
      0.09690871437098689,
      0.06259462488509233,
      2.6226171227001163,
      3.3835415931347144,
      4.60084447659756,
      -0.008407055778634834,
      -0.018514467084423912,
      -0.0341179303326061,
      -0.0879062564059547,
      -0.4246175758644697
    ],
    "Driving Dunk": [
      -0.016369558054528232,
      0.0362865018963746,
      0.04214124348423802,
      -0.5608974729496339,
      1.1034732266335103,
      3.957964368087205,
      0.023091661790175685,
      0.0009265846862196676,
      -0.03590172896726343,
      -0.05874250725566916,
      0.21049862935493452
    ],
    "Standing Dunk": [
      -0.1259743624399666,
      -0.2079100532409232,
      -0.13862887482154035,
      -5.473370035545075,
      -8.131151520686545,
      -1.7107113948588397,
      0.08191857957154833,
      0.11761862749710915,
      0.034532004672949645,
      -0.029879989623842793,
      0.09199768741274844
    ],
    "Post Control": [
      -0.047581415470423154,
      -0.027692411976350535,
      -0.010278994029412729,
      -2.099283651889725,
      -1.0415498557366316,
      0.9894099742482867,
      0.04481069380035547,
      0.030755391881792868,
      0.00476589829013291,
      0.010786443362467769,
      -0.22492781803458922
    ],
    "Mid-Range Shot": [
      0.12271460662331618,
      0.10816823436530673,
      0.10246407176880705,
      4.415988938822838,
      4.17437568787752,
      4.705609317866489,
      -0.023848883001656572,
      -0.020530419297347727,
      -0.02737977805144171,
      -0.027972988860025094,
      -1.235174255060322
    ],
    "Three-Point Shot": [
      0.1308045655916829,
      0.11755547774291294,
      0.13238397782422293,
      4.773142446427547,
      4.846060541443716,
      4.805269224203298,
      -0.026213290295001544,
      -0.02730947207126461,
      -0.026739193478860654,
      -0.01947094174815725,
      -1.448404083220374
    ],
    "Free Throw": [
      0.0673231148886136,
      0.06526614545384021,
      0.0709631813809015,
      2.500034073616976,
      2.448676712694003,
      3.259588098535659,
      -0.017212057697636278,
      -0.01651731802218707,
      -0.026957697037604544,
      -0.0055668915699412826,
      0.12306414614611935
    ],
    "Pass Accuracy": [
      0.066753560187527,
      0.06451047220750605,
      0.057718070364888796,
      2.486399368821216,
      2.424818535103684,
      2.3175981901033333,
      -0.01727147756181472,
      -0.01643857803712957,
      -0.015071028246672237,
      -0.006059546771196724,
      0.14186128184757257
    ],
    "Ball Handle": [
      0.08755572042745904,
      0.10477793063868872,
      0.1234571798616067,
      3.1574327098931905,
      3.9597427345755407,
      6.029209971775669,
      -0.02032026438753394,
      -0.031085043597141,
      -0.05786318957981771,
      -0.036337582494484696,
      -0.23923213653999514
    ],
    "Speed With Ball": [
      0.10142987201203571,
      0.12994674365568235,
      0.12517980066389356,
      3.6970710687865065,
      4.8205333473741945,
      6.3380281338721565,
      -0.02664955600635611,
      -0.04174309563163719,
      -0.06130759747448663,
      -0.13325914521433774,
      -0.11577402963866659
    ],
    "Interior Defense": [
      -0.06303161228483825,
      -0.06834645180747122,
      -0.04644846350488389,
      -2.610435094856149,
      -2.680470103121199,
      0.7840676127428058,
      0.046983795168818225,
      0.048258527322976724,
      0.00353786438980707,
      0.16557365012493677,
      -0.39823161303983556
    ],
    "Perimeter Defense": [
      0.023579736587568272,
      0.09121004345163718,
      0.07223914571187157,
      0.9983112216587516,
      3.229458187091581,
      5.863471510813441,
      0.004786691442461964,
      -0.024630678873479073,
      -0.05873886115139417,
      -0.004509688016305714,
      -0.07003210932360346
    ],
    "Steal": [
      0.05288158224541395,
      0.046244846149457376,
      0.09772064721768972,
      1.9807671246169245,
      1.8527557409649047,
      4.8038813509849705,
      -0.025567974798360142,
      -0.02391104680053517,
      -0.06213197238915967,
      0.02488824012592588,
      1.1187773638512901
    ],
    "Block": [
      -0.045595540727977314,
      -0.031619135627562536,
      -0.10760911452880648,
      -1.7545318497873779,
      -1.8232412448606936,
      -2.730019874591797,
      0.02127427559199608,
      0.022510092631100553,
      0.03418338554380921,
      -0.040981785681450694,
      1.0703728761606401
    ],
    "Offensive Rebound": [
      -0.06983407853182376,
      -0.05852089820414376,
      -0.04175761165997044,
      -2.9635472348457594,
      -2.1312023488157052,
      -1.5662907991026838,
      0.034645998591897,
      0.02331194307909899,
      0.016033313582431593,
      0.15451356026942217,
      0.7885113745469449
    ],
    "Defensive Rebound": [
      -0.03569863983697428,
      -0.0452226672282546,
      -0.06731615466630488,
      -1.6981021700263723,
      -2.2448985739067906,
      -1.346759786448647,
      0.011942190464141507,
      0.019443973096174145,
      0.008089200336917613,
      0.1551573046322441,
      1.2520357642149578
    ],
    "Speed": [
      0.08063623885932912,
      0.10260009873571373,
      0.13150631802529975,
      2.774554128987245,
      4.0046832590437615,
      6.601928530926944,
      -0.009116847763700519,
      -0.025693995101143372,
      -0.059154848807709874,
      -0.1642409338443254,
      -0.35494097422021625
    ],
    "Agility": [
      0.0827658825973159,
      0.11903465060584911,
      0.14482070102149794,
      2.9159419730543163,
      4.637948402129257,
      7.207276700585667,
      -0.008091984928397852,
      -0.031110969065875866,
      -0.06421215633733464,
      -0.26973919600098,
      -0.32276501927407475
    ],
    "Strength": [
      -0.00372522039083966,
      0.027374245624208423,
      -0.010690409717549216,
      -0.3738771007660691,
      0.5843679922393006,
      2.48745398909452,
      0.019490393340856692,
      0.007281869116116812,
      -0.01696488451622449,
      0.48681358498200994,
      -1.3531265211725894
    ],
    "Vertical": [
      0.07245632255159243,
      0.09244469447742451,
      0.0839346366713386,
      2.564032218396875,
      3.3544444368898274,
      4.938040921298576,
      -0.009796692417535988,
      -0.020283420116799157,
      -0.04072057013674575,
      -0.10577374103146835,
      -0.22558476526184448
    ]
  }
}