{
  "base_coeffs": [
    -16.035716728167667,
    2.8074313666323567,
    15.108265534529083,
    -2.3096499646317166
  ],
  "attr_bias": {
    "Close Shot": 2.4084911793760218,
    "Driving Layup": -1.6895733901346992,
    "Standing Dunk": 2.44408867387159,
    "Post Control": 2.568828962324198,
    "Free Throw": 10.774440938960922,
    "Pass Accuracy": -1.3674808043821136,
    "Interior Defense": -1.2673642371057532,
    "Strength": -5.571798052712271,
    "Driving Dunk": 4.463914500459513,
    "Mid-Range Shot": -5.41927329520351,
    "Ball Handle": 1.8451192452527687,
    "Vertical": -0.5845151997256992,
    "Speed With Ball": 0.29212963680682724,
    "Block": -0.42325289491193513,
    "Offensive Rebound": 0.5453105620606976,
    "Three-Point Shot": -6.975599172407385,
    "Perimeter Defense": -2.128330609832922,
    "Steal": 2.269968073759,
    "Agility": -0.38489524676712805,
    "Speed": -2.6329501931425123,
    "Defensive Rebound": -1.6816261502302723
  },
  "step_coeffs": [
    [
      13.152179895388649,
      5.724198987288326,
      12.942359759862946,
      -13.215711711856454,
      1.4913707389215554
    ],
    [
      11.054744546687692,
      4.274689733049455,
      11.544663518238583,
      -10.84318935889629,
      1.1790522726729178
    ],
    [
      9.008519739538183,
      4.728422174794071,
      7.87824222485159,
      -8.785673653892987,
      0.935680452794295
    ],
    [
      7.291296502261702,
      4.725797232960567,
      5.720630254033942,
      -7.042935770712251,
      0.6481082803663362
    ],
    [
      2.490524003783932,
      3.738853808099559,
      5.106922389207581,
      -1.9971275937987312,
      0.5052341571742648
    ]
  ]
}